{
  "input_x": 1018.4000244140625,
  "input_y": 353.00001525878906
}